Workbook

Sheet comparison
A3: Row Labels | B3: Max of opt_bound | C3: Min of cost | F3: Row Labels | G3: Max of opt_bound | H3: Min of cost | I3: rmp_opt | J3: rmp_ub | K3: improved bound | L3: improved UB | M3: best ub | N3: best_bnd | O3: isopt | P3: best_gap
A4: a10100_0 | B4: 1370 | C4: 1370 | F4: new1201600_30_ada | G4: 3193 | H4: 5130 | I4: 3978 | J4: =VLOOKUP(F4,rmp_opt!$A$2:$C$1736,3,FALSE) -> 6644 | K4: =IF(I4>G4,1,0) -> 1 | L4: =IF(J4<H4,1,0) -> 0 | M4: =MIN(J4,H4) -> 5130 | N4: =MAX(I4,G4) -> 3978 | O4: =IF(N4=M4,1,0) -> 0 | P4: =(M4-N4)/M4 -> 0.2245614
A5: a10100_1 | B5: 1326 | C5: 1326 | F5: new1605000_31_ada | G5: 6686 | H5: 12193.333 | I5: 8524 | J5: =VLOOKUP(F5,rmp_opt!$A$2:$C$1736,3,FALSE) -> 10693 | K5: =IF(I5>G5,1,0) -> 1 | L5: =IF(J5<H5,1,0) -> 1 | M5: =MIN(J5,H5) -> 10693 | N5: =MAX(I5,G5) -> 8524 | O5: =IF(N5=M5,1,0) -> 0 | P5: =(M5-N5)/M5 -> 0.20284298
A6: a10100_2 | B6: 1262 | C6: 1262 | F6: f2004000_2 | G6: 380435 | H6: 583129.33 | I6: 384314 | J6: =VLOOKUP(F6,rmp_opt!$A$2:$C$1736,3,FALSE) -> 473231 | K6: =IF(I6>G6,1,0) -> 1 | L6: =IF(J6<H6,1,0) -> 1 | M6: =MIN(J6,H6) -> 473231 | N6: =MAX(I6,G6) -> 384314 | O6: =IF(N6=M6,1,0) -> 0 | P6: =(M6-N6)/M6 -> 0.18789344
A7: a10100_3 | B7: 1340 | C7: 1340 | F7: f1604000_8 | G7: 412092 | H7: 581939 | I7: 414072 | J7: =VLOOKUP(F7,rmp_opt!$A$2:$C$1736,3,FALSE) -> 492548 | K7: =IF(I7>G7,1,0) -> 1 | L7: =IF(J7<H7,1,0) -> 1 | M7: =MIN(J7,H7) -> 492548 | N7: =MAX(I7,G7) -> 414072 | O7: =IF(N7=M7,1,0) -> 0 | P7: =(M7-N7)/M7 -> 0.1593266
A8: a10100_4 | B8: 1315 | C8: 1315 | F8: f2005000_6 | G8: 426409 | H8: 757613.67 | I8: 429211 | J8: =VLOOKUP(F8,rmp_opt!$A$2:$C$1736,3,FALSE) -> 498773 | K8: =IF(I8>G8,1,0) -> 1 | L8: =IF(J8<H8,1,0) -> 1 | M8: =MIN(J8,H8) -> 498773 | N8: =MAX(I8,G8) -> 429211 | O8: =IF(N8=M8,1,0) -> 0 | P8: =(M8-N8)/M8 -> 0.13946625
A9: a10100_5 | B9: 1346 | C9: 1346 | F9: f80900_5 | G9: 193438 | H9: 242483.67 | I9: 195423 | J9: =VLOOKUP(F9,rmp_opt!$A$2:$C$1736,3,FALSE) -> 223763 | K9: =IF(I9>G9,1,0) -> 1 | L9: =IF(J9<H9,1,0) -> 1 | M9: =MIN(J9,H9) -> 223763 | N9: =MAX(I9,G9) -> 195423 | O9: =IF(N9=M9,1,0) -> 0 | P9: =(M9-N9)/M9 -> 0.12665186
A10: a10100_6 | B10: 1331 | C10: 1331 | F10: f2004000 | G10: 326110 | H10: 496342 | I10: 328306 | J10: =VLOOKUP(F10,rmp_opt!$A$2:$C$1736,3,FALSE) -> 375044 | K10: =IF(I10>G10,1,0) -> 1 | L10: =IF(J10<H10,1,0) -> 1 | M10: =MIN(J10,H10) -> 375044 | N10: =MAX(I10,G10) -> 328306 | O10: =IF(N10=M10,1,0) -> 0 | P10: =(M10-N10)/M10 -> 0.12462004
A11: a10100_7 | B11: 1281 | C11: 1281 | F11: f80900_7 | G11: 254173 | H11: 321474 | I11: 256978 | J11: =VLOOKUP(F11,rmp_opt!$A$2:$C$1736,3,FALSE) -> 293446 | K11: =IF(I11>G11,1,0) -> 1 | L11: =IF(J11<H11,1,0) -> 1 | M11: =MIN(J11,H11) -> 293446 | N11: =MAX(I11,G11) -> 256978 | O11: =IF(N11=M11,1,0) -> 0 | P11: =(M11-N11)/M11 -> 0.12427499
A12: a10100_8 | B12: 1328 | C12: 1328 | F12: f2004000_4 | G12: 326942 | H12: 502120 | I12: 329125 | J12: =VLOOKUP(F12,rmp_opt!$A$2:$C$1736,3,FALSE) -> 374683 | K12: =IF(I12>G12,1,0) -> 1 | L12: =IF(J12<H12,1,0) -> 1 | M12: =MIN(J12,H12) -> 374683 | N12: =MAX(I12,G12) -> 329125 | O12: =IF(N12=M12,1,0) -> 0 | P12: =(M12-N12)/M12 -> 0.12159078
A13: a10100_9 | B13: 1347 | C13: 1347 | F13: f801600_1 | G13: 306272 | H13: 368440.33 | I13: 307995 | J13: =VLOOKUP(F13,rmp_opt!$A$2:$C$1736,3,FALSE) -> 348370 | K13: =IF(I13>G13,1,0) -> 1 | L13: =IF(J13<H13,1,0) -> 1 | M13: =MIN(J13,H13) -> 348370 | N13: =MAX(I13,G13) -> 307995 | O13: =IF(N13=M13,1,0) -> 0 | P13: =(M13-N13)/M13 -> 0.11589689
A14: a10200_0 | B14: 2734 | C14: 2734 | F14: f1603200_3 | G14: 356180 | H14: 609372.67 | I14: 358531 | J14: =VLOOKUP(F14,rmp_opt!$A$2:$C$1736,3,FALSE) -> 402713 | K14: =IF(I14>G14,1,0) -> 1 | L14: =IF(J14<H14,1,0) -> 1 | M14: =MIN(J14,H14) -> 402713 | N14: =MAX(I14,G14) -> 358531 | O14: =IF(N14=M14,1,0) -> 0 | P14: =(M14-N14)/M14 -> 0.10971089
A15: a10200_1 | B15: 2690 | C15: 2690 | F15: f1201600_7 | G15: 239203 | H15: 319237.33 | I15: 241319 | J15: =VLOOKUP(F15,rmp_opt!$A$2:$C$1736,3,FALSE) -> 268035 | K15: =IF(I15>G15,1,0) -> 1 | L15: =IF(J15<H15,1,0) -> 1 | M15: =MIN(J15,H15) -> 268035 | N15: =MAX(I15,G15) -> 241319 | O15: =IF(N15=M15,1,0) -> 0 | P15: =(M15-N15)/M15 -> 0.09967355
... A36: a20200_2 | B36: 2340 | C36: 2340 | F36: f1604000_0 | G36: 385100 | H36: 536779.33 | I36: 386967 | J36: =VLOOKUP(F36,rmp_opt!$A$2:$C$1736,3,FALSE) -> 414138 | K36: =IF(I36>G36,1,0) -> 1 | L36: =IF(J36<H36,1,0) -> 1 | M36: =MIN(J36,H36) -> 414138 | N36: =MAX(I36,G36) -> 386967 | O36: =IF(N36=M36,1,0) -> 0 | P36: =(M36-N36)/M36 -> 0.065608565
A37: a20200_3 | B37: 2295 | C37: 2295 | F37: new1605000_34_aac | H37: 315441 | I37: 214251 | J37: =VLOOKUP(F37,rmp_opt!$A$2:$C$1736,3,FALSE) -> 229122 | K37: =IF(I37>G37,1,0) -> 1 | L37: =IF(J37<H37,1,0) -> 1 | M37: =MIN(J37,H37) -> 229122 | N37: =MAX(I37,G37) -> 214251 | O37: =IF(N37=M37,1,0) -> 0 | P37: =(M37-N37)/M37 -> 0.064904287
A38: a20200_4 | B38: 2257 | C38: 2257 | F38: f1603200_8 | G38: 315113 | H38: 339178 | I38: 317219 | J38: =VLOOKUP(F38,rmp_opt!$A$2:$C$1736,3,FALSE) -> 343350 | K38: =IF(I38>G38,1,0) -> 1 | L38: =IF(J38<H38,1,0) -> 0 | M38: =MIN(J38,H38) -> 339178 | N38: =MAX(I38,G38) -> 317219 | O38: =IF(N38=M38,1,0) -> 0 | P38: =(M38-N38)/M38 -> 0.064741817
A39: a20200_5 | B39: 2304 | C39: 2304 | F39: f1201600_5 | G39: 197725 | H39: 213033 | I39: 199464 | J39: =VLOOKUP(F39,rmp_opt!$A$2:$C$1736,3,FALSE) -> 215081 | K39: =IF(I39>G39,1,0) -> 1 | L39: =IF(J39<H39,1,0) -> 0 | M39: =MIN(J39,H39) -> 213033 | N39: =MAX(I39,G39) -> 199464 | O39: =IF(N39=M39,1,0) -> 0 | P39: =(M39-N39)/M39 -> 0.063694357
A40: a20200_6 | B40: 2231 | C40: 2231 | F40: f1203200_2 | G40: 402987 | H40: 448564 | I40: 404674 | J40: =VLOOKUP(F40,rmp_opt!$A$2:$C$1736,3,FALSE) -> 432184 | K40: =IF(I40>G40,1,0) -> 1 | L40: =IF(J40<H40,1,0) -> 1 | M40: =MIN(J40,H40) -> 432184 | N40: =MAX(I40,G40) -> 404674 | O40: =IF(N40=M40,1,0) -> 0 | P40: =(M40-N40)/M40 -> 0.063653444
A41: a20200_7 | B41: 2290 | C41: 2290 | F41: f801600_5 | G41: 342179 | H41: 367273 | I41: 344101 | J41: =VLOOKUP(F41,rmp_opt!$A$2:$C$1736,3,FALSE) -> 372047 | K41: =IF(I41>G41,1,0) -> 1 | L41: =IF(J41<H41,1,0) -> 0 | M41: =MIN(J41,H41) -> 367273 | N41: =MAX(I41,G41) -> 344101 | O41: =IF(N41=M41,1,0) -> 0 | P41: =(M41-N41)/M41 -> 0.063092032
A42: a20200_8 | B42: 2245 | C42: 2245 | F42: new60900_33_aac | G42: 205041 | H42: 220141 | I42: 206336 | J42: =VLOOKUP(F42,rmp_opt!$A$2:$C$1736,3,FALSE) -> 236004 | K42: =IF(I42>G42,1,0) -> 1 | L42: =IF(J42<H42,1,0) -> 0 | M42: =MIN(J42,H42) -> 220141 | N42: =MAX(I42,G42) -> 206336 | O42: =IF(N42=M42,1,0) -> 0 | P42: =(M42-N42)/M42 -> 0.062709809
A43: a20200_9 | B43: 2308 | C43: 2308 | F43: f1604000_1 | G43: 451239 | H43: 501924 | I43: 454124 | J43: =VLOOKUP(F43,rmp_opt!$A$2:$C$1736,3,FALSE) -> 484440 | K43: =IF(I43>G43,1,0) -> 1 | L43: =IF(J43<H43,1,0) -> 1 | M43: =MIN(J43,H43) -> 484440 | N43: =MAX(I43,G43) -> 454124 | O43: =IF(N43=M43,1,0) -> 0 | P43: =(M43-N43)/M43 -> 0.062579473
A44: a5100_0 | B44: 1591 | C44: 1591 | F44: f1604000_4 | G44: 375900 | H44: 426271 | I44: 377773 | J44: =VLOOKUP(F44,rmp_opt!$A$2:$C$1736,3,FALSE) -> 402367 | K44: =IF(I44>G44,1,0) -> 1 | L44: =IF(J44<H44,1,0) -> 1 | M44: =MIN(J44,H44) -> 402367 | N44: =MAX(I44,G44) -> 377773 | O44: =IF(N44=M44,1,0) -> 0 | P44: =(M44-N44)/M44 -> 0.061123303
A45: a5100_1 | B45: 1612 | C45: 1612 | F45: f1204000_7 | G45: 471932 | H45: 504154 | I45: 473469 | J45: =VLOOKUP(F45,rmp_opt!$A$2:$C$1736,3,FALSE) -> 506080 | K45: =IF(I45>G45,1,0) -> 1 | L45: =IF(J45<H45,1,0) -> 0 | M45: =MIN(J45,H45) -> 504154 | N45: =MAX(I45,G45) -> 473469 | O45: =IF(N45=M45,1,0) -> 0 | P45: =(M45-N45)/M45 -> 0.060864339
A46: a5100_2 | B46: 1629 | C46: 1629 | F46: new1205000_18_ada | G46: 6538 | H46: 9943.6667 | I46: 6804 | J46: =VLOOKUP(F46,rmp_opt!$A$2:$C$1736,3,FALSE) -> 7242 | K46: =IF(I46>G46,1,0) -> 1 | L46: =IF(J46<H46,1,0) -> 1 | M46: =MIN(J46,H46) -> 7242 | N46: =MAX(I46,G46) -> 6804 | O46: =IF(N46=M46,1,0) -> 0 | P46: =(M46-N46)/M46 -> 0.06048053
A47: a5100_3 | B47: 1592 | C47: 1592 | F47: f1604000_7 | G47: 405535 | H47: 452869 | I47: 407618 | J47: =VLOOKUP(F47,rmp_opt!$A$2:$C$1736,3,FALSE) -> 433336 | K47: =IF(I47>G47,1,0) -> 1 | L47: =IF(J47<H47,1,0) -> 1 | M47: =MIN(J47,H47) -> 433336 | N47: =MAX(I47,G47) -> 407618 | O47: =IF(N47=M47,1,0) -> 0 | P47: =(M47-N47)/M47 -> 0.059348866
A48: a5100_4 | B48: 1601 | C48: 1601 | F48: f1603200_6 | G48: 292397 | H48: 315896 | I48: 294378 | J48: =VLOOKUP(F48,rmp_opt!$A$2:$C$1736,3,FALSE) -> 312918 | K48: =IF(I48>G48,1,0) -> 1 | L48: =IF(J48<H48,1,0) -> 1 | M48: =MIN(J48,H48) -> 312918 | N48: =MAX(I48,G48) -> 294378 | O48: =IF(N48=M48,1,0) -> 0 | P48: =(M48-N48)/M48 -> 0.059248749
A49: a5100_5 | B49: 1636 | C49: 1636 | F49: f1201600_0 | G49: 201697 | H49: 216181 | I49: 203375 | J49: =VLOOKUP(F49,rmp_opt!$A$2:$C$1736,3,FALSE) -> 264405 | K49: =IF(I49>G49,1,0) -> 1 | L49: =IF(J49<H49,1,0) -> 0 | M49: =MIN(J49,H49) -> 216181 | N49: =MAX(I49,G49) -> 203375 | O49: =IF(N49=M49,1,0) -> 0 | P49: =(M49-N49)/M49 -> 0.059237398
... A79: b10200_5 | B79: 2671 | C79: 2671 | F79: f2005000_4 | G79: 395191 | H79: 591020 | I79: 397754 | J79: =VLOOKUP(F79,rmp_opt!$A$2:$C$1736,3,FALSE) -> 417742 | K79: =IF(I79>G79,1,0) -> 1 | L79: =IF(J79<H79,1,0) -> 1 | M79: =MIN(J79,H79) -> 417742 | N79: =MAX(I79,G79) -> 397754 | O79: =IF(N79=M79,1,0) -> 0 | P79: =(M79-N79)/M79 -> 0.047847715
A80: b10200_6 | B80: 2895 | C80: 2895 | F80: f1205000_5 | H80: 1160478.7 | I80: 766005 | J80: =VLOOKUP(F80,rmp_opt!$A$2:$C$1736,3,FALSE) -> 804379 | K80: =IF(I80>G80,1,0) -> 1 | L80: =IF(J80<H80,1,0) -> 1 | M80: =MIN(J80,H80) -> 804379 | N80: =MAX(I80,G80) -> 766005 | O80: =IF(N80=M80,1,0) -> 0 | P80: =(M80-N80)/M80 -> 0.047706367
A81: b10200_7 | B81: 2798 | C81: 2798 | F81: new80900_3_aec | G81: 2872 | H81: 3028 | I81: 2886 | J81: =VLOOKUP(F81,rmp_opt!$A$2:$C$1736,3,FALSE) -> 3296 | K81: =IF(I81>G81,1,0) -> 1 | L81: =IF(J81<H81,1,0) -> 0 | M81: =MIN(J81,H81) -> 3028 | N81: =MAX(I81,G81) -> 2886 | O81: =IF(N81=M81,1,0) -> 0 | P81: =(M81-N81)/M81 -> 0.046895641
A82: b10200_8 | B82: 2807 | C82: 2807 | F82: new2005000_15_aec | G82: 14286 | H82: 15003 | I82: 14303 | J82: =VLOOKUP(F82,rmp_opt!$A$2:$C$1736,3,FALSE) -> 15078 | K82: =IF(I82>G82,1,0) -> 1 | L82: =IF(J82<H82,1,0) -> 0 | M82: =MIN(J82,H82) -> 15003 | N82: =MAX(I82,G82) -> 14303 | O82: =IF(N82=M82,1,0) -> 0 | P82: =(M82-N82)/M82 -> 0.046657335
A83: b10200_9 | B83: 2929 | C83: 2929 | F83: f2005000_2 | G83: 446431 | H83: 730065.67 | I83: 449431 | J83: =VLOOKUP(F83,rmp_opt!$A$2:$C$1736,3,FALSE) -> 471360 | K83: =IF(I83>G83,1,0) -> 1 | L83: =IF(J83<H83,1,0) -> 1 | M83: =MIN(J83,H83) -> 471360 | N83: =MAX(I83,G83) -> 449431 | O83: =IF(N83=M83,1,0) -> 0 | P83: =(M83-N83)/M83 -> 0.046522828
A84: b20100_0 | B84: 1167 | C84: 1167 | F84: f1201600_4 | G84: 218742 | H84: 231562 | I84: 220824 | J84: =VLOOKUP(F84,rmp_opt!$A$2:$C$1736,3,FALSE) -> 244959 | K84: =IF(I84>G84,1,0) -> 1 | L84: =IF(J84<H84,1,0) -> 0 | M84: =MIN(J84,H84) -> 231562 | N84: =MAX(I84,G84) -> 220824 | O84: =IF(N84=M84,1,0) -> 0 | P84: =(M84-N84)/M84 -> 0.04637203
A85: b20100_1 | B85: 1183 | C85: 1183 | F85: f2004000_8 | G85: 303864 | H85: 344906 | I85: 305961 | J85: =VLOOKUP(F85,rmp_opt!$A$2:$C$1736,3,FALSE) -> 320830 | K85: =IF(I85>G85,1,0) -> 1 | L85: =IF(J85<H85,1,0) -> 1 | M85: =MIN(J85,H85) -> 320830 | N85: =MAX(I85,G85) -> 305961 | O85: =IF(N85=M85,1,0) -> 0 | P85: =(M85-N85)/M85 -> 0.046345417
A86: b20100_2 | B86: 1175 | C86: 1175 | F86: f1205000 | G86: 644334 | H86: 685145 | I86: 646010 | J86: =VLOOKUP(F86,rmp_opt!$A$2:$C$1736,3,FALSE) -> 677294 | K86: =IF(I86>G86,1,0) -> 1 | L86: =IF(J86<H86,1,0) -> 1 | M86: =MIN(J86,H86) -> 677294 | N86: =MAX(I86,G86) -> 646010 | O86: =IF(N86=M86,1,0) -> 0 | P86: =(M86-N86)/M86 -> 0.04618969
A87: b20100_3 | B87: 1201 | C87: 1201 | F87: f1205000_8 | G87: 751875 | H87: 829345 | I87: 753942 | J87: =VLOOKUP(F87,rmp_opt!$A$2:$C$1736,3,FALSE) -> 790209 | K87: =IF(I87>G87,1,0) -> 1 | L87: =IF(J87<H87,1,0) -> 1 | M87: =MIN(J87,H87) -> 790209 | N87: =MAX(I87,G87) -> 753942 | O87: =IF(N87=M87,1,0) -> 0 | P87: =(M87-N87)/M87 -> 0.045895453
A88: b20100_4 | B88: 1149 | C88: 1149 | F88: f1605000_9 | G88: 507698 | H88: 835270.67 | I88: 509520 | J88: =VLOOKUP(F88,rmp_opt!$A$2:$C$1736,3,FALSE) -> 533769 | K88: =IF(I88>G88,1,0) -> 1 | L88: =IF(J88<H88,1,0) -> 1 | M88: =MIN(J88,H88) -> 533769 | N88: =MAX(I88,G88) -> 509520 | O88: =IF(N88=M88,1,0) -> 0 | P88: =(M88-N88)/M88 -> 0.045429765
A89: b20100_5 | B89: 1178 | C89: 1178 | F89: f1205000_9 | G89: 603737 | H89: 761353.67 | I89: 605081 | J89: =VLOOKUP(F89,rmp_opt!$A$2:$C$1736,3,FALSE) -> 632876 | K89: =IF(I89>G89,1,0) -> 1 | L89: =IF(J89<H89,1,0) -> 1 | M89: =MIN(J89,H89) -> 632876 | N89: =MAX(I89,G89) -> 605081 | O89: =IF(N89=M89,1,0) -> 0 | P89: =(M89-N89)/M89 -> 0.043918556
A90: b20100_6 | B90: 1203 | C90: 1203 | F90: new1605000_22_aec | G90: 6400 | H90: 6705 | I90: 6411 | J90: =VLOOKUP(F90,rmp_opt!$A$2:$C$1736,3,FALSE) -> 6795 | K90: =IF(I90>G90,1,0) -> 1 | L90: =IF(J90<H90,1,0) -> 0 | M90: =MIN(J90,H90) -> 6705 | N90: =MAX(I90,G90) -> 6411 | O90: =IF(N90=M90,1,0) -> 0 | P90: =(M90-N90)/M90 -> 0.043847875
A91: b20100_7 | B91: 1184 | C91: 1184 | F91: new1603200_34_ada | G91: 57115 | H91: 59715 | I91: 57164 | J91: =VLOOKUP(F91,rmp_opt!$A$2:$C$1736,3,FALSE) -> 59889 | K91: =IF(I91>G91,1,0) -> 1 | L91: =IF(J91<H91,1,0) -> 0 | M91: =MIN(J91,H91) -> 59715 | N91: =MAX(I91,G91) -> 57164 | O91: =IF(N91=M91,1,0) -> 0 | P91: =(M91-N91)/M91 -> 0.042719585
A92: b20100_8 | B92: 1189 | C92: 1189 | F92: f1203200_9 | G92: 431421 | H92: 459393 | I92: 433128 | J92: =VLOOKUP(F92,rmp_opt!$A$2:$C$1736,3,FALSE) -> 452394 | K92: =IF(I92>G92,1,0) -> 1 | L92: =IF(J92<H92,1,0) -> 1 | M92: =MIN(J92,H92) -> 452394 | N92: =MAX(I92,G92) -> 433128 | O92: =IF(N92=M92,1,0) -> 0 | P92: =(M92-N92)/M92 -> 0.042586772
... A120: b5200_6 | B120: 3608 | C120: 3608 | F120: f1605000_0 | G120: 527207 | H120: 816380.33 | I120: 529074 | J120: =VLOOKUP(F120,rmp_opt!$A$2:$C$1736,3,FALSE) -> 547972 | K120: =IF(I120>G120,1,0) -> 1 | L120: =IF(J120<H120,1,0) -> 1 | M120: =MIN(J120,H120) -> 547972 | N120: =MAX(I120,G120) -> 529074 | O120: =IF(N120=M120,1,0) -> 0 | P120: =(M120-N120)/M120 -> 0.034487164
A121: b5200_7 | B121: 3784 | C121: 3784 | F121: new2005000_9_aac | H121: 177551.33 | I121: 130244 | J121: =VLOOKUP(F121,rmp_opt!$A$2:$C$1736,3,FALSE) -> 134880 | K121: =IF(I121>G121,1,0) -> 1 | L121: =IF(J121<H121,1,0) -> 1 | M121: =MIN(J121,H121) -> 134880 | N121: =MAX(I121,G121) -> 130244 | O121: =IF(N121=M121,1,0) -> 0 | P121: =(M121-N121)/M121 -> 0.034371293
A122: b5200_8 | B122: 3481 | C122: 3481 | F122: f1605000_8 | G122: 513704 | H122: 846894.67 | I122: 515581 | J122: =VLOOKUP(F122,rmp_opt!$A$2:$C$1736,3,FALSE) -> 533832 | K122: =IF(I122>G122,1,0) -> 1 | L122: =IF(J122<H122,1,0) -> 1 | M122: =MIN(J122,H122) -> 533832 | N122: =MAX(I122,G122) -> 515581 | O122: =IF(N122=M122,1,0) -> 0 | P122: =(M122-N122)/M122 -> 0.034188659
A123: b5200_9 | B123: 3692 | C123: 3692 | F123: new1203200_15_aac | G123: 226353 | H123: 279300 | I123: 226994 | J123: =VLOOKUP(F123,rmp_opt!$A$2:$C$1736,3,FALSE) -> 234858 | K123: =IF(I123>G123,1,0) -> 1 | L123: =IF(J123<H123,1,0) -> 1 | M123: =MIN(J123,H123) -> 234858 | N123: =MAX(I123,G123) -> 226994 | O123: =IF(N123=M123,1,0) -> 0 | P123: =(M123-N123)/M123 -> 0.033484063
A124: c10100_0 | B124: 1458 | C124: 1458 | F124: f80900 | G124: 171219 | H124: 178882 | I124: 172904 | J124: =VLOOKUP(F124,rmp_opt!$A$2:$C$1736,3,FALSE) -> 207402 | K124: =IF(I124>G124,1,0) -> 1 | L124: =IF(J124<H124,1,0) -> 0 | M124: =MIN(J124,H124) -> 178882 | N124: =MAX(I124,G124) -> 172904 | O124: =IF(N124=M124,1,0) -> 0 | P124: =(M124-N124)/M124 -> 0.033418678
A125: c10100_1 | B125: 1435 | C125: 1435 | F125: new1204000_14_aec | H125: 123955.67 | I125: 119825 | J125: =VLOOKUP(F125,rmp_opt!$A$2:$C$1736,3,FALSE) -> inf | K125: =IF(I125>G125,1,0) -> 1 | L125: =IF(J125<H125,1,0) -> 0 | M125: =MIN(J125,H125) -> 123955.67 | N125: =MAX(I125,G125) -> 119825 | O125: =IF(N125=M125,1,0) -> 0 | P125: =(M125-N125)/M125 -> 0.033323742
A126: c10100_2 | B126: 1410 | C126: 1410 | F126: f80900_0 | G126: 170268 | H126: 177726 | I126: 171913 | J126: =VLOOKUP(F126,rmp_opt!$A$2:$C$1736,3,FALSE) -> 182261 | K126: =IF(I126>G126,1,0) -> 1 | L126: =IF(J126<H126,1,0) -> 0 | M126: =MIN(J126,H126) -> 177726 | N126: =MAX(I126,G126) -> 171913 | O126: =IF(N126=M126,1,0) -> 0 | P126: =(M126-N126)/M126 -> 0.032707651
A127: c10100_3 | B127: 1469 | C127: 1469 | F127: new2004000_30_aec | G127: 26646 | H127: 27568 | I127: 26673 | J127: =VLOOKUP(F127,rmp_opt!$A$2:$C$1736,3,FALSE) -> 27862 | K127: =IF(I127>G127,1,0) -> 1 | L127: =IF(J127<H127,1,0) -> 0 | M127: =MIN(J127,H127) -> 27568 | N127: =MAX(I127,G127) -> 26673 | O127: =IF(N127=M127,1,0) -> 0 | P127: =(M127-N127)/M127 -> 0.032465177
A128: c10100_4 | B128: 1397 | C128: 1397 | F128: f1204000_3 | G128: 572757 | H128: 594400 | I128: 574724 | J128: =VLOOKUP(F128,rmp_opt!$A$2:$C$1736,3,FALSE) -> 593900 | K128: =IF(I128>G128,1,0) -> 1 | L128: =IF(J128<H128,1,0) -> 1 | M128: =MIN(J128,H128) -> 593900 | N128: =MAX(I128,G128) -> 574724 | O128: =IF(N128=M128,1,0) -> 0 | P128: =(M128-N128)/M128 -> 0.032288264
A129: c10100_5 | B129: 1364 | C129: 1364 | F129: f1204000_8 | G129: 532018 | H129: 561914 | I129: 533700 | J129: =VLOOKUP(F129,rmp_opt!$A$2:$C$1736,3,FALSE) -> 551145 | K129: =IF(I129>G129,1,0) -> 1 | L129: =IF(J129<H129,1,0) -> 1 | M129: =MIN(J129,H129) -> 551145 | N129: =MAX(I129,G129) -> 533700 | O129: =IF(N129=M129,1,0) -> 0 | P129: =(M129-N129)/M129 -> 0.031652288
A130: c10100_6 | B130: 1468 | C130: 1468 | F130: f1605000_7 | G130: 506576 | H130: 832931.33 | I130: 508386 | J130: =VLOOKUP(F130,rmp_opt!$A$2:$C$1736,3,FALSE) -> 524645 | K130: =IF(I130>G130,1,0) -> 1 | L130: =IF(J130<H130,1,0) -> 1 | M130: =MIN(J130,H130) -> 524645 | N130: =MAX(I130,G130) -> 508386 | O130: =IF(N130=M130,1,0) -> 0 | P130: =(M130-N130)/M130 -> 0.030990479
A131: c10100_7 | B131: 1474 | C131: 1474 | F131: f2004000_6 | G131: 342220 | H131: 514554.67 | I131: 344643 | J131: =VLOOKUP(F131,rmp_opt!$A$2:$C$1736,3,FALSE) -> 355489 | K131: =IF(I131>G131,1,0) -> 1 | L131: =IF(J131<H131,1,0) -> 1 | M131: =MIN(J131,H131) -> 355489 | N131: =MAX(I131,G131) -> 344643 | O131: =IF(N131=M131,1,0) -> 0 | P131: =(M131-N131)/M131 -> 0.030510086
A132: c10100_8 | B132: 1392 | C132: 1392 | F132: f80900_3 | G132: 167254 | H132: 174066 | I132: 168898 | J132: =VLOOKUP(F132,rmp_opt!$A$2:$C$1736,3,FALSE) -> 188735 | K132: =IF(I132>G132,1,0) -> 1 | L132: =IF(J132<H132,1,0) -> 0 | M132: =MIN(J132,H132) -> 174066 | N132: =MAX(I132,G132) -> 168898 | O132: =IF(N132=M132,1,0) -> 0 | P132: =(M132-N132)/M132 -> 0.029689888
A133: c10100_9 | B133: 1429 | C133: 1429 | F133: f801600_9 | G133: 278884 | H133: 334294 | I133: 280560 | J133: =VLOOKUP(F133,rmp_opt!$A$2:$C$1736,3,FALSE) -> 289110 | K133: =IF(I133>G133,1,0) -> 1 | L133: =IF(J133<H133,1,0) -> 1 | M133: =MIN(J133,H133) -> 289110 | N133: =MAX(I133,G133) -> 280560 | O133: =IF(N133=M133,1,0) -> 0 | P133: =(M133-N133)/M133 -> 0.029573519
A134: c10200_0 | B134: 2746 | C134: 2746 | F134: new1203200_3_aac | G134: 257544 | H134: 269405 | I134: 258347 | J134: =VLOOKUP(F134,rmp_opt!$A$2:$C$1736,3,FALSE) -> 266190 | K134: =IF(I134>G134,1,0) -> 1 | L134: =IF(J134<H134,1,0) -> 1 | M134: =MIN(J134,H134) -> 266190 | N134: =MAX(I134,G134) -> 258347 | O134: =IF(N134=M134,1,0) -> 0 | P134: =(M134-N134)/M134 -> 0.029463917
A135: c10200_1 | B135: 2749 | C135: 2749 | F135: f804000_8 | G135: 794257 | H135: 819287 | I135: 795328 | J135: =VLOOKUP(F135,rmp_opt!$A$2:$C$1736,3,FALSE) -> 819000 | K135: =IF(I135>G135,1,0) -> 1 | L135: =IF(J135<H135,1,0) -> 1 | M135: =MIN(J135,H135) -> 819000 | N135: =MAX(I135,G135) -> 795328 | O135: =IF(N135=M135,1,0) -> 0 | P135: =(M135-N135)/M135 -> 0.028903541
A136: c10200_2 | B136: 2846 | C136: 2846 | F136: new801600_15_adc | H136: 35692 | I136: 34671 | J136: =VLOOKUP(F136,rmp_opt!$A$2:$C$1736,3,FALSE) -> 36186 | K136: =IF(I136>G136,1,0) -> 1 | L136: =IF(J136<H136,1,0) -> 0 | M136: =MIN(J136,H136) -> 35692 | N136: =MAX(I136,G136) -> 34671 | O136: =IF(N136=M136,1,0) -> 0 | P136: =(M136-N136)/M136 -> 0.02860585
A137: c10200_3 | B137: 2715 | C137: 2715 | F137: f1603200_2 | G137: 331893 | H137: 393788 | I137: 334084 | J137: =VLOOKUP(F137,rmp_opt!$A$2:$C$1736,3,FALSE) -> 343858 | K137: =IF(I137>G137,1,0) -> 1 | L137: =IF(J137<H137,1,0) -> 1 | M137: =MIN(J137,H137) -> 343858 | N137: =MAX(I137,G137) -> 334084 | O137: =IF(N137=M137,1,0) -> 0 | P137: =(M137-N137)/M137 -> 0.028424524
A138: c10200_4 | B138: 2698 | C138: 2698 | F138: new1603200_32_ada | G138: 144992 | H138: 148912 | I138: 145009 | J138: =VLOOKUP(F138,rmp_opt!$A$2:$C$1736,3,FALSE) -> 153229 | K138: =IF(I138>G138,1,0) -> 1 | L138: =IF(J138<H138,1,0) -> 0 | M138: =MIN(J138,H138) -> 148912 | N138: =MAX(I138,G138) -> 145009 | O138: =IF(N138=M138,1,0) -> 0 | P138: =(M138-N138)/M138 -> 0.026210111
A139: c10200_5 | B139: 2839 | C139: 2839 | F139: f801600_6 | G139: 294200 | H139: 303881 | I139: 295943 | J139: =VLOOKUP(F139,rmp_opt!$A$2:$C$1736,3,FALSE) -> 305345 | K139: =IF(I139>G139,1,0) -> 1 | L139: =IF(J139<H139,1,0) -> 0 | M139: =MIN(J139,H139) -> 303881 | N139: =MAX(I139,G139) -> 295943 | O139: =IF(N139=M139,1,0) -> 0 | P139: =(M139-N139)/M139 -> 0.026122068
A140: c10200_6 | B140: 2744 | C140: 2744 | F140: f804000_0 | G140: 784583 | H140: 806104 | I140: 785772 | J140: =VLOOKUP(F140,rmp_opt!$A$2:$C$1736,3,FALSE) -> 817577 | K140: =IF(I140>G140,1,0) -> 1 | L140: =IF(J140<H140,1,0) -> 0 | M140: =MIN(J140,H140) -> 806104 | N140: =MAX(I140,G140) -> 785772 | O140: =IF(N140=M140,1,0) -> 0 | P140: =(M140-N140)/M140 -> 0.025222552
A141: c10200_7 | B141: 2853 | C141: 2853 | F141: f1604000_5 | G141: 390690 | H141: 604146.33 | I141: 392765 | J141: =VLOOKUP(F141,rmp_opt!$A$2:$C$1736,3,FALSE) -> 402755 | K141: =IF(I141>G141,1,0) -> 1 | L141: =IF(J141<H141,1,0) -> 1 | M141: =MIN(J141,H141) -> 402755 | N141: =MAX(I141,G141) -> 392765 | O141: =IF(N141=M141,1,0) -> 0 | P141: =(M141-N141)/M141 -> 0.024804161
A142: c10200_8 | B142: 2718 | C142: 2718 | F142: f80900_8 | G142: 179282 | H142: 185650 | I142: 181112 | J142: =VLOOKUP(F142,rmp_opt!$A$2:$C$1736,3,FALSE) -> 193015 | K142: =IF(I142>G142,1,0) -> 1 | L142: =IF(J142<H142,1,0) -> 0 | M142: =MIN(J142,H142) -> 185650 | N142: =MAX(I142,G142) -> 181112 | O142: =IF(N142=M142,1,0) -> 0 | P142: =(M142-N142)/M142 -> 0.024443846
A143: c10200_9 | B143: 2782 | C143: 2782 | F143: f801600_4 | G143: 396176 | H143: 408242 | I143: 398485 | J143: =VLOOKUP(F143,rmp_opt!$A$2:$C$1736,3,FALSE) -> 417995 | K143: =IF(I143>G143,1,0) -> 1 | L143: =IF(J143<H143,1,0) -> 0 | M143: =MIN(J143,H143) -> 408242 | N143: =MAX(I143,G143) -> 398485 | O143: =IF(N143=M143,1,0) -> 0 | P143: =(M143-N143)/M143 -> 0.02390004
A144: c10400_0 | B144: 5607 | C144: 5607 | F144: f1205000_4 | G144: 712897 | H144: 1002809.7 | I144: 714762 | J144: =VLOOKUP(F144,rmp_opt!$A$2:$C$1736,3,FALSE) -> 732186 | K144: =IF(I144>G144,1,0) -> 1 | L144: =IF(J144<H144,1,0) -> 1 | M144: =MIN(J144,H144) -> 732186 | N144: =MAX(I144,G144) -> 714762 | O144: =IF(N144=M144,1,0) -> 0 | P144: =(M144-N144)/M144 -> 0.023797232
A145: c10400_1 | B145: 5476 | C145: 5476 | F145: new1603200_4_aac | G145: 54353 | H145: 55875 | I145: 54472 | J145: =VLOOKUP(F145,rmp_opt!$A$2:$C$1736,3,FALSE) -> 55784 | K145: =IF(I145>G145,1,0) -> 1 | L145: =IF(J145<H145,1,0) -> 1 | M145: =MIN(J145,H145) -> 55784 | N145: =MAX(I145,G145) -> 54472 | O145: =IF(N145=M145,1,0) -> 0 | P145: =(M145-N145)/M145 -> 0.023519289
A146: c10400_2 | B146: 5634 | C146: 5634 | F146: f803200_6 | G146: 621967 | H146: 730741.33 | I146: 623281 | J146: =VLOOKUP(F146,rmp_opt!$A$2:$C$1736,3,FALSE) -> 638149 | K146: =IF(I146>G146,1,0) -> 1 | L146: =IF(J146<H146,1,0) -> 1 | M146: =MIN(J146,H146) -> 638149 | N146: =MAX(I146,G146) -> 623281 | O146: =IF(N146=M146,1,0) -> 0 | P146: =(M146-N146)/M146 -> 0.023298634
A147: c10400_3 | B147: 5657 | C147: 5657 | F147: new1604000_12_aea | G147: 15539 | H147: 15915 | I147: 15550 | J147: =VLOOKUP(F147,rmp_opt!$A$2:$C$1736,3,FALSE) -> 16159 | K147: =IF(I147>G147,1,0) -> 1 | L147: =IF(J147<H147,1,0) -> 0 | M147: =MIN(J147,H147) -> 15915 | N147: =MAX(I147,G147) -> 15550 | O147: =IF(N147=M147,1,0) -> 0 | P147: =(M147-N147)/M147 -> 0.022934339
A148: c10400_4 | B148: 5580 | C148: 5580 | F148: new1604000_22_aec | G148: 17648 | H148: 18072 | I148: 17666 | J148: =VLOOKUP(F148,rmp_opt!$A$2:$C$1736,3,FALSE) -> 18646 | K148: =IF(I148>G148,1,0) -> 1 | L148: =IF(J148<H148,1,0) -> 0 | M148: =MIN(J148,H148) -> 18072 | N148: =MAX(I148,G148) -> 17666 | O148: =IF(N148=M148,1,0) -> 0 | P148: =(M148-N148)/M148 -> 0.022465693
... A150: c10400_6 | B150: 5540 | C150: 5540 | F150: f80900_6 | G150: 168448 | H150: 173707 | I150: 169928 | J150: =VLOOKUP(F150,rmp_opt!$A$2:$C$1736,3,FALSE) -> inf | K150: =IF(I150>G150,1,0) -> 1 | L150: =IF(J150<H150,1,0) -> 0 | M150: =MIN(J150,H150) -> 173707 | N150: =MAX(I150,G150) -> 169928 | O150: =IF(N150=M150,1,0) -> 0 | P150: =(M150-N150)/M150 -> 0.021755024
A151: c10400_7 | B151: 5480 | C151: 5480 | F151: new2005000_19_aec | H151: 149581.67 | I151: 139243 | J151: =VLOOKUP(F151,rmp_opt!$A$2:$C$1736,3,FALSE) -> 142284 | K151: =IF(I151>G151,1,0) -> 1 | L151: =IF(J151<H151,1,0) -> 1 | M151: =MIN(J151,H151) -> 142284 | N151: =MAX(I151,G151) -> 139243 | O151: =IF(N151=M151,1,0) -> 0 | P151: =(M151-N151)/M151 -> 0.021372747
A152: c10400_8 | B152: 5476 | C152: 5476 | F152: f804000_9 | G152: 744263 | H152: 760312 | I152: 745334 | J152: =VLOOKUP(F152,rmp_opt!$A$2:$C$1736,3,FALSE) -> 768368 | K152: =IF(I152>G152,1,0) -> 1 | L152: =IF(J152<H152,1,0) -> 0 | M152: =MIN(J152,H152) -> 760312 | N152: =MAX(I152,G152) -> 745334 | O152: =IF(N152=M152,1,0) -> 0 | P152: =(M152-N152)/M152 -> 0.019699807
A153: c10400_9 | B153: 5697 | C153: 5697 | F153: new1603200_10_ada | G153: 204482 | H153: 208531 | I153: 204482 | J153: =VLOOKUP(F153,rmp_opt!$A$2:$C$1736,3,FALSE) -> 212319 | K153: =IF(I153>G153,1,0) -> 0 | L153: =IF(J153<H153,1,0) -> 0 | M153: =MIN(J153,H153) -> 208531 | N153: =MAX(I153,G153) -> 204482 | O153: =IF(N153=M153,1,0) -> 0 | P153: =(M153-N153)/M153 -> 0.019416777
A154: c15900_0 | B154: 11267 | C154: 11267 | F154: f803200_4 | G154: 686648 | H154: 701299 | I154: 687988 | J154: =VLOOKUP(F154,rmp_opt!$A$2:$C$1736,3,FALSE) -> 721552 | K154: =IF(I154>G154,1,0) -> 1 | L154: =IF(J154<H154,1,0) -> 0 | M154: =MIN(J154,H154) -> 701299 | N154: =MAX(I154,G154) -> 687988 | O154: =IF(N154=M154,1,0) -> 0 | P154: =(M154-N154)/M154 -> 0.018980492
A155: c15900_1 | B155: 11217 | C155: 11217 | F155: f803200_0 | G155: 587324 | H155: 599871 | I155: 588557 | J155: =VLOOKUP(F155,rmp_opt!$A$2:$C$1736,3,FALSE) -> 601695 | K155: =IF(I155>G155,1,0) -> 1 | L155: =IF(J155<H155,1,0) -> 0 | M155: =MIN(J155,H155) -> 599871 | N155: =MAX(I155,G155) -> 588557 | O155: =IF(N155=M155,1,0) -> 0 | P155: =(M155-N155)/M155 -> 0.018860722
A156: c15900_2 | B156: 11264 | C156: 11264 | F156: f803200_2 | G156: 524546 | H156: 539383 | I156: 525639 | J156: =VLOOKUP(F156,rmp_opt!$A$2:$C$1736,3,FALSE) -> 535550 | K156: =IF(I156>G156,1,0) -> 1 | L156: =IF(J156<H156,1,0) -> 1 | M156: =MIN(J156,H156) -> 535550 | N156: =MAX(I156,G156) -> 525639 | O156: =IF(N156=M156,1,0) -> 0 | P156: =(M156-N156)/M156 -> 0.018506209
A157: c15900_3 | B157: 11257 | C157: 11257 | F157: f80900_1 | G157: 217687 | H157: 224266 | I157: 220160 | J157: =VLOOKUP(F157,rmp_opt!$A$2:$C$1736,3,FALSE) -> 243596 | K157: =IF(I157>G157,1,0) -> 1 | L157: =IF(J157<H157,1,0) -> 0 | M157: =MIN(J157,H157) -> 224266 | N157: =MAX(I157,G157) -> 220160 | O157: =IF(N157=M157,1,0) -> 0 | P157: =(M157-N157)/M157 -> 0.018308616
A158: c15900_4 | B158: 11377 | C158: 11377 | F158: f80900_9 | G158: 172829 | H158: 177715 | I158: 174495 | J158: =VLOOKUP(F158,rmp_opt!$A$2:$C$1736,3,FALSE) -> 197453 | K158: =IF(I158>G158,1,0) -> 1 | L158: =IF(J158<H158,1,0) -> 0 | M158: =MIN(J158,H158) -> 177715 | N158: =MAX(I158,G158) -> 174495 | O158: =IF(N158=M158,1,0) -> 0 | P158: =(M158-N158)/M158 -> 0.018118898
A159: c15900_5 | B159: 11244 | C159: 11246 | F159: f1205000_1 | G159: 662815 | H159: 696821 | I159: 664240 | J159: =VLOOKUP(F159,rmp_opt!$A$2:$C$1736,3,FALSE) -> 676459 | K159: =IF(I159>G159,1,0) -> 1 | L159: =IF(J159<H159,1,0) -> 1 | M159: =MIN(J159,H159) -> 676459 | N159: =MAX(I159,G159) -> 664240 | O159: =IF(N159=M159,1,0) -> 0 | P159: =(M159-N159)/M159 -> 0.018063179
A160: c15900_6 | B160: 11359 | C160: 11359 | F160: f801600_0 | G160: 288727 | H160: 295497 | I160: 290239 | J160: =VLOOKUP(F160,rmp_opt!$A$2:$C$1736,3,FALSE) -> 309306 | K160: =IF(I160>G160,1,0) -> 1 | L160: =IF(J160<H160,1,0) -> 0 | M160: =MIN(J160,H160) -> 295497 | N160: =MAX(I160,G160) -> 290239 | O160: =IF(N160=M160,1,0) -> 0 | P160: =(M160-N160)/M160 -> 0.017793751
A161: c15900_7 | B161: 11268 | C161: 11268 | F161: f804000_5 | G161: 700062 | H161: 713482 | I161: 701035 | J161: =VLOOKUP(F161,rmp_opt!$A$2:$C$1736,3,FALSE) -> 729637 | K161: =IF(I161>G161,1,0) -> 1 | L161: =IF(J161<H161,1,0) -> 0 | M161: =MIN(J161,H161) -> 713482 | N161: =MAX(I161,G161) -> 701035 | O161: =IF(N161=M161,1,0) -> 0 | P161: =(M161-N161)/M161 -> 0.01744543
A162: c15900_8 | B162: 11217 | C162: 11217 | F162: new80900_21_ada | G162: 89740 | H162: 91295 | I162: 89757 | J162: =VLOOKUP(F162,rmp_opt!$A$2:$C$1736,3,FALSE) -> 93970 | K162: =IF(I162>G162,1,0) -> 1 | L162: =IF(J162<H162,1,0) -> 0 | M162: =MIN(J162,H162) -> 91295 | N162: =MAX(I162,G162) -> 89757 | O162: =IF(N162=M162,1,0) -> 0 | P162: =(M162-N162)/M162 -> 0.016846487
A163: c15900_9 | B163: 11366 | C163: 11366 | F163: new1603200_23_aec | G163: 50362 | H163: 51238 | I163: 50376 | J163: =VLOOKUP(F163,rmp_opt!$A$2:$C$1736,3,FALSE) -> 51941 | K163: =IF(I163>G163,1,0) -> 1 | L163: =IF(J163<H163,1,0) -> 0 | M163: =MIN(J163,H163) -> 51238 | N163: =MAX(I163,G163) -> 50376 | O163: =IF(N163=M163,1,0) -> 0 | P163: =(M163-N163)/M163 -> 0.016823451
... A612: f1205000_4 | B612: 712897 | C612: 1002809.7 | F612: new801600_2_aac | G612: 19812 | H612: 19838 | I612: 19819 | J612: =VLOOKUP(F612,rmp_opt!$A$2:$C$1736,3,FALSE) -> 19885 | K612: =IF(I612>G612,1,0) -> 1 | L612: =IF(J612<H612,1,0) -> 0 | M612: =MIN(J612,H612) -> 19838 | N612: =MAX(I612,G612) -> 19819 | O612: =IF(N612=M612,1,0) -> 0 | P612: =(M612-N612)/M612 -> 0.00095775784
A613: f1205000_5 | C613: 1160478.7 | F613: d10200_7 | G613: 12544 | H613: 12558 | I613: 12546 | J613: =VLOOKUP(F613,rmp_opt!$A$2:$C$1736,3,FALSE) -> 12633 | K613: =IF(I613>G613,1,0) -> 1 | L613: =IF(J613<H613,1,0) -> 0 | M613: =MIN(J613,H613) -> 12558 | N613: =MAX(I613,G613) -> 12546 | O613: =IF(N613=M613,1,0) -> 0 | P613: =(M613-N613)/M613 -> 0.00095556617
A614: f1205000_6 | B614: 662465 | C614: 780447 | F614: new803200_12_eda | G614: 201791 | H614: 201985 | I614: 201794 | J614: =VLOOKUP(F614,rmp_opt!$A$2:$C$1736,3,FALSE) -> 202300 | K614: =IF(I614>G614,1,0) -> 1 | L614: =IF(J614<H614,1,0) -> 0 | M614: =MIN(J614,H614) -> 201985 | N614: =MAX(I614,G614) -> 201794 | O614: =IF(N614=M614,1,0) -> 0 | P614: =(M614-N614)/M614 -> 0.00094561477
A615: f1205000_7 | B615: 616802 | C615: 646531 | F615: new804000_17_adc | G615: 1198542 | H615: 1199671 | I615: 1198542 | J615: =VLOOKUP(F615,rmp_opt!$A$2:$C$1736,3,FALSE) -> 1203700 | K615: =IF(I615>G615,1,0) -> 0 | L615: =IF(J615<H615,1,0) -> 0 | M615: =MIN(J615,H615) -> 1199671 | N615: =MAX(I615,G615) -> 1198542 | O615: =IF(N615=M615,1,0) -> 0 | P615: =(M615-N615)/M615 -> 0.00094109135
A616: f1205000_8 | B616: 751875 | C616: 829345 | F616: new1204000_8_eda | G616: 241532 | H616: 241761 | I616: 241536 | J616: =VLOOKUP(F616,rmp_opt!$A$2:$C$1736,3,FALSE) -> 243061 | K616: =IF(I616>G616,1,0) -> 1 | L616: =IF(J616<H616,1,0) -> 0 | M616: =MIN(J616,H616) -> 241761 | N616: =MAX(I616,G616) -> 241536 | O616: =IF(N616=M616,1,0) -> 0 | P616: =(M616-N616)/M616 -> 0.0009306712
A617: f1205000_9 | B617: 603737 | C617: 761353.67 | F617: new1603200_20_aac | G617: 46403 | H617: 46456 | I617: 46413 | J617: =VLOOKUP(F617,rmp_opt!$A$2:$C$1736,3,FALSE) -> 46511 | K617: =IF(I617>G617,1,0) -> 1 | L617: =IF(J617<H617,1,0) -> 0 | M617: =MIN(J617,H617) -> 46456 | N617: =MAX(I617,G617) -> 46413 | O617: =IF(N617=M617,1,0) -> 0 | P617: =(M617-N617)/M617 -> 0.00092560703
A618: f1603200 | B618: 312050 | C618: 333144 | F618: new10400_26_aec | G618: 2169 | H618: 2172 | I618: 2170 | J618: =VLOOKUP(F618,rmp_opt!$A$2:$C$1736,3,FALSE) -> 2207 | K618: =IF(I618>G618,1,0) -> 1 | L618: =IF(J618<H618,1,0) -> 0 | M618: =MIN(J618,H618) -> 2172 | N618: =MAX(I618,G618) -> 2170 | O618: =IF(N618=M618,1,0) -> 0 | P618: =(M618-N618)/M618 -> 0.00092081031
A619: f1603200_0 | B619: 340762 | C619: 404750 | F619: new60900_1_aaa | G619: 14111 | H619: 14126 | I619: 14113 | J619: =VLOOKUP(F619,rmp_opt!$A$2:$C$1736,3,FALSE) -> 14223 | K619: =IF(I619>G619,1,0) -> 1 | L619: =IF(J619<H619,1,0) -> 0 | M619: =MIN(J619,H619) -> 14126 | N619: =MAX(I619,G619) -> 14113 | O619: =IF(N619=M619,1,0) -> 0 | P619: =(M619-N619)/M619 -> 0.00092028883
A620: f1603200_1 | B620: 342485 | C620: 529100 | F620: new201600_27_aec | G620: 18468 | H620: 18486 | I620: 18469 | J620: =VLOOKUP(F620,rmp_opt!$A$2:$C$1736,3,FALSE) -> 18613 | K620: =IF(I620>G620,1,0) -> 1 | L620: =IF(J620<H620,1,0) -> 0 | M620: =MIN(J620,H620) -> 18486 | N620: =MAX(I620,G620) -> 18469 | O620: =IF(N620=M620,1,0) -> 0 | P620: =(M620-N620)/M620 -> 0.00091961484
A621: f1603200_2 | B621: 331893 | C621: 393788 | F621: new20200_23_eea | G621: 5474 | H621: 5479 | I621: 5470 | J621: =VLOOKUP(F621,rmp_opt!$A$2:$C$1736,3,FALSE) -> 5522 | K621: =IF(I621>G621,1,0) -> 0 | L621: =IF(J621<H621,1,0) -> 0 | M621: =MIN(J621,H621) -> 5479 | N621: =MAX(I621,G621) -> 5474 | O621: =IF(N621=M621,1,0) -> 0 | P621: =(M621-N621)/M621 -> 0.00091257529
A622: f1603200_3 | B622: 356180 | C622: 609372.67 | F622: new1205000_34_eda | G622: 312042 | H622: 312329 | I622: 312045 | J622: =VLOOKUP(F622,rmp_opt!$A$2:$C$1736,3,FALSE) -> 313880 | K622: =IF(I622>G622,1,0) -> 1 | L622: =IF(J622<H622,1,0) -> 0 | M622: =MIN(J622,H622) -> 312329 | N622: =MAX(I622,G622) -> 312045 | O622: =IF(N622=M622,1,0) -> 0 | P622: =(M622-N622)/M622 -> 0.00090929757
A623: f1603200_4 | B623: 318431 | C623: 361650 | F623: new15900_13_ada | G623: 48368 | H623: 48413 | I623: 48369 | J623: =VLOOKUP(F623,rmp_opt!$A$2:$C$1736,3,FALSE) -> 48720 | K623: =IF(I623>G623,1,0) -> 1 | L623: =IF(J623<H623,1,0) -> 0 | M623: =MIN(J623,H623) -> 48413 | N623: =MAX(I623,G623) -> 48369 | O623: =IF(N623=M623,1,0) -> 0 | P623: =(M623-N623)/M623 -> 0.0009088468
A624: f1603200_5 | B624: 365735 | C624: 427848 | F624: new803200_0_eda | G624: 204057 | H624: 204243 | I624: 204060 | J624: =VLOOKUP(F624,rmp_opt!$A$2:$C$1736,3,FALSE) -> 204661 | K624: =IF(I624>G624,1,0) -> 1 | L624: =IF(J624<H624,1,0) -> 0 | M624: =MIN(J624,H624) -> 204243 | N624: =MAX(I624,G624) -> 204060 | O624: =IF(N624=M624,1,0) -> 0 | P624: =(M624-N624)/M624 -> 0.00089599154
A625: f1603200_6 | B625: 292397 | C625: 315896 | F625: new803200_10_eda | G625: 200000 | H625: 200182 | I625: 200003 | J625: =VLOOKUP(F625,rmp_opt!$A$2:$C$1736,3,FALSE) -> 200971 | K625: =IF(I625>G625,1,0) -> 1 | L625: =IF(J625<H625,1,0) -> 0 | M625: =MIN(J625,H625) -> 200182 | N625: =MAX(I625,G625) -> 200003 | O625: =IF(N625=M625,1,0) -> 0 | P625: =(M625-N625)/M625 -> 0.00089418629
... A721: f80900_3 | B721: 167254 | C721: 174066 | F721: new10400_20_adc | G721: 56199 | H721: 56223 | I721: 56202 | J721: =VLOOKUP(F721,rmp_opt!$A$2:$C$1736,3,FALSE) -> 56354 | K721: =IF(I721>G721,1,0) -> 1 | L721: =IF(J721<H721,1,0) -> 0 | M721: =MIN(J721,H721) -> 56223 | N721: =MAX(I721,G721) -> 56202 | O721: =IF(N721=M721,1,0) -> 0 | P721: =(M721-N721)/M721 -> 0.00037351262
A722: f80900_4 | B722: 224251 | C722: 287182.33 | F722: new801600_6_adc | H722: 20412 | I722: 19147 | J722: =VLOOKUP(F722,rmp_opt!$A$2:$C$1736,3,FALSE) -> 19154 | K722: =IF(I722>G722,1,0) -> 1 | L722: =IF(J722<H722,1,0) -> 1 | M722: =MIN(J722,H722) -> 19154 | N722: =MAX(I722,G722) -> 19147 | O722: =IF(N722=M722,1,0) -> 0 | P722: =(M722-N722)/M722 -> 0.00036545891
...

Sheet isa_paper_results
A1: instance | B1: cost | C1: time_used | D1: optimal | E1: opt_bound | F1: solver | G1: rel_to_best | H1: area_score
A2: a10100_0 | B2: 1370 | C2: 4960 | D2: TRUE | E2: 1370 | F2: minizinc_chuffed | G2: 0 | H2: 5176.3607
A3: a10100_0 | B3: 1370 | C3: 270 | D3: TRUE | E3: 1370 | F3: minizinc_cplex | G3: 0 | H3: 366.91635
A4: a10100_0 | B4: 1370 | C4: 1420 | D4: TRUE | E4: 1370 | F4: minizinc_cpo | G4: 0 | H4: 1680.0134
A5: a10100_0 | B5: 1370 | C5: 220 | D5: TRUE | E5: 1370 | F5: minizinc_gurobi | G5: 0 | H5: 301.00592
A6: a10100_0 | B6: 1370 | C6: 1790 | D6: TRUE | E6: 1370 | F6: minizinc_or-tools | G6: 0 | H6: 2299.9139
A7: a10100_0 | B7: 1370 | C7: FALSE | D7: 900000 | F7: min_conflicts | G7: 0 | H7: 612492.28
A8: a10100_0 | B8: 1370 | C8: FALSE | D8: 900000 | F8: simulated_annealing-untuned | G8: 0 | H8: 821955.91
A9: a10100_0 | B9: 1372 | C9: FALSE | D9: 900000 | F9: tabu_search | G9: 0.0014577259 | H9: 613061.51
A10: a10100_1 | B10: 1326 | C10: 4510 | D10: TRUE | E10: 1326 | F10: minizinc_chuffed | G10: 0 | H10: 4713.836
A11: a10100_1 | B11: 1326 | C11: 300 | D11: TRUE | E11: 1326 | F11: minizinc_cplex | G11: 0 | H11: 399.88127
A12: a10100_1 | B12: 1326 | C12: 1220 | D12: TRUE | E12: 1326 | F12: minizinc_cpo | G12: 0 | H12: 1520.6544
A13: a10100_1 | B13: 1326 | C13: 200 | D13: TRUE | E13: 1326 | F13: minizinc_gurobi | G13: 0 | H13: 254.93931
A14: a10100_1 | B14: 1326 | C14: 1860 | D14: TRUE | E14: 1326 | F14: minizinc_or-tools | G14: 0 | H14: 2353.4156
A15: a10100_1 | B15: 1326 | C15: FALSE | D15: 900000 | F15: min_conflicts | G15: 0 | H15: 584242.03
A16: a10100_1 | B16: 1326 | C16: FALSE | D16: 900000 | F16: simulated_annealing-untuned | G16: 0 | H16: 794528.18
A17: a10100_1 | B17: 1326 | C17: FALSE | D17: 900000 | F17: tabu_search | G17: 0 | H17: 584248.46
A18: a10100_2 | B18: 1262 | C18: 5080 | D18: TRUE | E18: 1262 | F18: minizinc_chuffed | G18: 0 | H18: 5674.2756
A19: a10100_2 | B19: 1262 | C19: 510 | D19: TRUE | E19: 1262 | F19: minizinc_cplex | G19: 0 | H19: 699.89411
A20: a10100_2 | B20: 1262 | C20: 300 | D20: TRUE | E20: 1262 | F20: minizinc_cpo | G20: 0 | H20: 416.11418
A21: a10100_2 | B21: 1262 | C21: 200 | D21: TRUE | E21: 1262 | F21: minizinc_gurobi | G21: 0 | H21: 262.43708
A22: a10100_2 | B22: 1262 | C22: 650 | D22: TRUE | E22: 1262 | F22: minizinc_or-tools | G22: 0 | H22: 781.9644
A23: a10100_2 | B23: 1262 | C23: FALSE | D23: 900000 | F23: min_conflicts | G23: 0 | H23: 569391.06
A24: a10100_2 | B24: 1262 | C24: FALSE | D24: 900000 | F24: simulated_annealing-untuned | G24: 0 | H24: 773094.81
A25: a10100_2 | B25: 1269.3333 | C25: FALSE | D25: 900000 | F25: tabu_search | G25: 0.0057773109 | H25: 570484.8
A26: a10100_3 | B26: 1340 | C26: 4590 | D26: TRUE | E26: 1340 | F26: minizinc_chuffed | G26: 0 | H26: 4936.9626
A27: a10100_3 | B27: 1340 | C27: 360 | D27: TRUE | E27: 1340 | F27: minizinc_cplex | G27: 0 | H27: 482.17786
A28: a10100_3 | B28: 1340 | C28: 740 | D28: TRUE | E28: 1340 | F28: minizinc_cpo | G28: 0 | H28: 679.65033
A29: a10100_3 | B29: 1340 | C29: 230 | D29: TRUE | E29: 1340 | F29: minizinc_gurobi | G29: 0 | H29: 299.81278
A30: a10100_3 | B30: 1340 | C30: 1890 | D30: TRUE | E30: 1340 | F30: minizinc_or-tools | G30: 0 | H30: 2348.1608
A31: a10100_3 | B31: 1340 | C31: FALSE | D31: 900000 | F31: min_conflicts | G31: 0 | H31: 588911.01
A32: a10100_3 | B32: 1340 | C32: FALSE | D32: 900000 | F32: simulated_annealing-untuned | G32: 0 | H32: 807227.53
A33: a10100_3 | B33: 1342 | C33: FALSE | D33: 900000 | F33: tabu_search | G33: 0.001490313 | H33: 589731.26
A34: a10100_4 | B34: 1315 | C34: 4790 | D34: TRUE | E34: 1315 | F34: minizinc_chuffed | G34: 0 | H34: 5123.7244
A35: a10100_4 | B35: 1315 | C35: 240 | D35: TRUE | E35: 1315 | F35: minizinc_cplex | G35: 0 | H35: 329.06794
A36: a10100_4 | B36: 1315 | C36: 270 | D36: TRUE | E36: 1315 | F36: minizinc_cpo | G36: 0 | H36: 373.01394
A37: a10100_4 | B37: 1315 | C37: 180 | D37: TRUE | E37: 1315 | F37: minizinc_gurobi | G37: 0 | H37: 241.18757
A38: a10100_4 | B38: 1315 | C38: 910 | D38: TRUE | E38: 1315 | F38: minizinc_or-tools | G38: 0 | H38: 981.60859
A39: a10100_4 | B39: 1315 | C39: FALSE | D39: 900000 | F39: min_conflicts | G39: 0 | H39: 571255.19
A40: a10100_4 | B40: 1315 | C40: FALSE | D40: 900000 | F40: simulated_annealing-untuned | G40: 0 | H40: 775788.32
A41: a10100_4 | B41: 1315.3333 | C41: FALSE | D41: 900000 | F41: tabu_search | G41: 0.00025342119 | H41: 571520.88
A42: a10100_5 | B42: 1346 | C42: 5400 | D42: TRUE | E42: 1346 | F42: minizinc_chuffed | G42: 0 | H42: 5605.9592
A43: a10100_5 | B43: 1346 | C43: 330 | D43: TRUE | E43: 1346 | F43: minizinc_cplex | G43: 0 | H43: 436.8694
A44: a10100_5 | B44: 1346 | C44: 540 | D44: TRUE | E44: 1346 | F44: minizinc_cpo | G44: 0 | H44: 588.76251
A45: a10100_5 | B45: 1346 | C45: 210 | D45: TRUE | E45: 1346 | F45: minizinc_gurobi | G45: 0 | H45: 276.87335
A46: a10100_5 | B46: 1346 | C46: 1650 | D46: TRUE | E46: 1346 | F46: minizinc_or-tools | G46: 0 | H46: 2204.3576
A47: a10100_5 | B47: 1346 | C47: FALSE | D47: 900000 | F47: min_conflicts | G47: 0 | H47: 559456.3
A48: a10100_5 | B48: 1346 | C48: FALSE | D48: 900000 | F48: simulated_annealing-untuned | G48: 0 | H48: 757137.43
A49: a10100_5 | B49: 1347.3333 | C49: FALSE | D49: 900000 | F49: tabu_search | G49: 0.0009896091 | H49: 559737.61
A50: a10100_6 | B50: 1331 | C50: 4870 | D50: TRUE | E50: 1331 | F50: minizinc_chuffed | G50: 0 | H50: 5145.9805
A51: a10100_6 | B51: 1331 | C51: 250 | D51: TRUE | E51: 1331 | F51: minizinc_cplex | G51: 0 | H51: 332.73087
A52: a10100_6 | B52: 1331 | C52: 600 | D52: TRUE | E52: 1331 | F52: minizinc_cpo | G52: 0 | H52: 547.53298
A53: a10100_6 | B53: 1331 | C53: 180 | D53: TRUE | E53: 1331 | F53: minizinc_gurobi | G53: 0 | H53: 235.67414
A54: a10100_6 | B54: 1331 | C54: 1570 | D54: TRUE | E54: 1331 | F54: minizinc_or-tools | G54: 0 | H54: 2083.5475
A55: a10100_6 | B55: 1331 | C55: FALSE | D55: 900000 | F55: min_conflicts | G55: 0 | H55: 565893.97
A56: a10100_6 | B56: 1331 | C56: FALSE | D56: 900000 | F56: simulated_annealing-untuned | G56: 0 | H56: 777542.13
A57: a10100_6 | B57: 1331 | C57: FALSE | D57: 900000 | F57: tabu_search | G57: 0 | H57: 565895.85
A58: a10100_7 | B58: 1281 | C58: 4990 | D58: TRUE | E58: 1281 | F58: minizinc_chuffed | G58: 0 | H58: 5405.6762
A59: a10100_7 | B59: 1281 | C59: 230 | D59: TRUE | E59: 1281 | F59: minizinc_cplex | G59: 0 | H59: 313.28022
A60: a10100_7 | B60: 1281 | C60: 510 | D60: TRUE | E60: 1281 | F60: minizinc_cpo | G60: 0 | H60: 550.14131
A61: a10100_7 | B61: 1281 | C61: 290 | D61: TRUE | E61: 1281 | F61: minizinc_gurobi | G61: 0 | H61: 394.11455
A62: a10100_7 | B62: 1281 | C62: 600 | D62: TRUE | E62: 1281 | F62: minizinc_or-tools | G62: 0 | H62: 733.78082
A63: a10100_7 | B63: 1281 | C63: FALSE | D63: 900000 | F63: min_conflicts | G63: 0 | H63: 587319.62
A64: a10100_7 | B64: 1281 | C64: FALSE | D64: 900000 | F64: simulated_annealing-untuned | G64: 0 | H64: 814796.93
A65: a10100_7 | B65: 1281 | C65: FALSE | D65: 900000 | F65: tabu_search | G65: 0 | H65: 587323.52
A66: a10100_8 | B66: 1328 | C66: 5220 | D66: TRUE | E66: 1328 | F66: minizinc_chuffed | G66: 0 | H66: 5439.8357
A67: a10100_8 | B67: 1328 | C67: 280 | D67: TRUE | E67: 1328 | F67: minizinc_cplex | G67: 0 | H67: 377.95941
A68: a10100_8 | B68: 1328 | C68: 240 | D68: TRUE | E68: 1328 | F68: minizinc_cpo | G68: 0 | H68: 329.76325
A69: a10100_8 | B69: 1328 | C69: 190 | D69: TRUE | E69: 1328 | F69: minizinc_gurobi | G69: 0 | H69: 253.58512
A70: a10100_8 | B70: 1328 | C70: 1730 | D70: TRUE | E70: 1328 | F70: minizinc_or-tools | G70: 0 | H70: 2228.0778
A71: a10100_8 | B71: 1328 | C71: FALSE | D71: 900000 | F71: min_conflicts | G71: 0 | H71: 558482.54
A72: a10100_8 | B72: 1328 | C72: FALSE | D72: 900000 | F72: simulated_annealing-untuned | G72: 0 | H72: 757178.39
A73: a10100_8 | B73: 1329.3333 | C73: FALSE | D73: 900000 | F73: tabu_search | G73: 0.001003009 | H73: 558737.9
A74: a10100_9 | B74: 1347 | C74: 4840 | D74: TRUE | E74: 1347 | F74: minizinc_chuffed | G74: 0 | H74: 5166.5487
A75: a10100_9 | B75: 1347 | C75: 270 | D75: TRUE | E75: 1347 | F75: minizinc_cplex | G75: 0 | H75: 368.4206
A76: a10100_9 | B76: 1347 | C76: 220 | D76: TRUE | E76: 1347 | F76: minizinc_cpo | G76: 0 | H76: 304.26864
A77: a10100_9 | B77: 1347 | C77: 230 | D77: TRUE | E77: 1347 | F77: minizinc_gurobi | G77: 0 | H77: 310.61042
A78: a10100_9 | B78: 1347 | C78: 1870 | D78: TRUE | E78: 1347 | F78: minizinc_or-tools | G78: 0 | H78: 2303.2072
A79: a10100_9 | B79: 1347 | C79: FALSE | D79: 900000 | F79: min_conflicts | G79: 0 | H79: 615309.17
A80: a10100_9 | B80: 1347 | C80: FALSE | D80: 900000 | F80: simulated_annealing-untuned | G80: 0 | H80: 839318.49
A81: a10100_9 | B81: 1347 | C81: FALSE | D81: 900000 | F81: tabu_search | G81: 0 | H81: 615321.8
A82: a10200_0 | B82: 2734 | C82: 19770 | D82: TRUE | E82: 2734 | F82: minizinc_chuffed | G82: 0 | H82: 18138.675
A83: a10200_0 | B83: 2734 | C83: 430 | D83: TRUE | E83: 2734 | F83: minizinc_cplex | G83: 0 | H83: 586.60109
A84: a10200_0 | B84: 2734 | C84: 1220 | D84: TRUE | E84: 2734 | F84: minizinc_cpo | G84: 0 | H84: 1115.9927
A85: a10200_0 | B85: 2734 | C85: 340 | D85: TRUE | E85: 2734 | F85: minizinc_gurobi | G85: 0 | H85: 440.14142
A86: a10200_0 | B86: 2734 | C86: 3360 | D86: TRUE | E86: 2734 | F86: minizinc_or-tools | G86: 0 | H86: 3487.6425
A87: a10200_0 | B87: 2734 | C87: FALSE | D87: 900000 | F87: min_conflicts | G87: 0 | H87: 591598.26
A88: a10200_0 | B88: 2734.3333 | C88: FALSE | D88: 900000 | F88: simulated_annealing-untuned | G88: 0.00012190662 | H88: 837315.55
A89: a10200_0 | B89: 2736 | C89: FALSE | D89: 900000 | F89: tabu_search | G89: 0.00073099415 | H89: 591795.7
A90: a10200_1 | B90: 2690 | C90: 17240 | D90: TRUE | E90: 2690 | F90: minizinc_chuffed | G90: 0 | H90: 16542.152
A91: a10200_1 | B91: 2690 | C91: 430 | D91: TRUE | E91: 2690 | F91: minizinc_cplex | G91: 0 | H91: 580.91939
A92: a10200_1 | B92: 2690 | C92: 380 | D92: TRUE | E92: 2690 | F92: minizinc_cpo | G92: 0 | H92: 533.38037
A93: a10200_1 | B93: 2690 | C93: 360 | D93: TRUE | E93: 2690 | F93: minizinc_gurobi | G93: 0 | H93: 482.82573
A94: a10200_1 | B94: 2690 | C94: 3450 | D94: TRUE | E94: 2690 | F94: minizinc_or-tools | G94: 0 | H94: 3598.5486
A95: a10200_1 | B95: 2690 | C95: FALSE | D95: 900000 | F95: min_conflicts | G95: 0 | H95: 565220.39
A96: a10200_1 | B96: 2691 | C96: FALSE | D96: 900000 | F96: simulated_annealing-untuned | G96: 0.00037160907 | H96: 797099.42
A97: a10200_1 | B97: 2690 | C97: FALSE | D97: 900000 | F97: tabu_search | G97: 0 | H97: 565239.91
A98: a10200_2 | B98: 2660 | C98: 15330 | D98: TRUE | E98: 2660 | F98: minizinc_chuffed | G98: 0 | H98: 14674.255
A99: a10200_2 | B99: 2660 | C99: 400 | D99: TRUE | E99: 2660 | F99: minizinc_cplex | G99: 0 | H99: 548.23742
A100: a10200_2 | B100: 2660 | C100: 700 | D100: TRUE | E100: 2660 | F100: minizinc_cpo | G100: 0 | H100: 797.35576
...

Sheet rmp_opt
A1: instance | B1: rmp_opt | C1: ub
A2: a10100_0 | B2: 1370 | C2: 1370
A3: a10100_1 | B3: 1326 | C3: 1326
A4: a10100_2 | B4: 1262 | C4: 1262
A5: a10100_3 | B5: 1340 | C5: 1340
A6: a10100_4 | B6: 1315 | C6: 1315
A7: a10100_5 | B7: 1346 | C7: 1346
A8: a10100_6 | B8: 1331 | C8: 1331
A9: a10100_7 | B9: 1281 | C9: 1281
A10: a10100_8 | B10: 1328 | C10: 1328
A11: a10100_9 | B11: 1347 | C11: 1347
A12: a10200_0 | B12: 2734 | C12: 2734
A13: a10200_1 | B13: 2690 | C13: 2690
... A717: f80900_1 | B717: 220160 | C717: 243596
A718: f80900_2 | B718: 163312 | C718: inf
A719: f80900_3 | B719: 168898 | C719: 188735
A720: f80900_4 | B720: 226791 | C720: 239388
A721: f80900_5 | B721: 195423 | C721: 223763
A722: f80900_6 | B722: 169928 | C722: inf
A723: f80900_7 | B723: 256978 | C723: 293446
A724: f80900_8 | B724: 181112 | C724: 193015
A725: f80900_9 | B725: 174495 | C725: 197453
A726: new10100_0_eec | B726: 20896 | C726: 21230
A727: new10100_1_eea | B727: 4751 | C727: 4922
A728: new10100_10_eea | B728: 3447 | C728: 3459
A729: new10100_11_adc | B729: 26919 | C729: 27765
A730: new10100_12_eaa | B730: 2630 | C730: 2630
A731: new10100_13_eec | B731: 18728 | C731: 18771
A732: new10100_14_edc | B732: 8543 | C732: 8561
A733: new10100_15_aac | B733: 14269 | C733: 14943
A734: new10100_16_aac | B734: 11263 | C734: 11322
... A904: new1204000_13_adc | B904: 491009 | C904: 493590
A905: new1204000_14_aec | B905: 119825 | C905: inf
A906: new1204000_15_eda | B906: 246995 | C906: 247840
A907: new1204000_16_eda | B907: 226013 | C907: 227066
A908: new1204000_17_eaa | B908: 60107 | C908: 60107
A909: new1204000_18_aac | B909: 51414 | C909: 51534
A910: new1204000_19_ada | B910: 609536 | C910: 614620
A911: new1204000_2_eea | B911: 83009 | C911: 84151
A912: new1204000_20_aea | B912: 4000 | C912: 4000
A913: new1204000_22_eac | B913: 68905 | C913: 68959
A914: new1204000_23_eac | B914: 80060 | C914: 80377
A915: new1204000_24_ada | B915: 365532 | C915: 369334
A916: new1204000_25_aea | B916: 4000 | C916: 4000
A917: new1204000_26_eaa | B917: 52360 | C917: 52360
... A1098: new1604000_3_eaa | B1098: 42119 | C1098: 42119
A1099: new1604000_31_aec | B1099: 28958 | C1099: inf
A1100: new1604000_32_eaa | B1100: 46931 | C1100: 46931
A1101: new1604000_34_eec | B1101: 460571 | C1101: 460591
A1102: new1604000_35_eac | B1102: 46052 | C1102: 46149
A1103: new1604000_4_aac | B1103: 63776 | C1103: 63965
A1104: new1604000_5_aac | B1104: 44756 | C1104: 44852
A1105: new1604000_6_eac | B1105: 44220 | C1105: 44280
A1106: new1604000_7_aac | B1106: 64795 | C1106: 65561
A1107: new1604000_8_adc | B1107: 819234 | C1107: 823977
A1108: new1604000_9_aaa | B1108: 61272 | C1108: 61464
A1109: new1605000_0_aea | B1109: 5000 | C1109: 5000
A1110: new1605000_1_eaa | B1110: 52283 | C1110: 52283
A1111: new1605000_10_edc | B1111: 419318 | C1111: 419751
... A1736: new80900_9_aea | B1736: 900 | C1736: 900
